App,Category,Rating,Reviews,Size,Installs,Type,Price,Content Rating,Genres,Last Updated,Current Ver,Android Ver
Photo Editor & Candy Camera & Grid & ScrapBook,ART_AND_DESIGN,4.1,159,19,"10,000",Free,0,Everyone,Art & Design,"January 7, 2018",1.0.0,4.0.3 and up
Coloring book moana,ART_AND_DESIGN,3.9,967,14,"500,000",Free,0,Everyone,Art & Design;Pretend Play,"January 15, 2018",2.0.0,4.0.3 and up
"U Launcher Lite ƒ?? FREE Live Cool Themes, Hide Apps",ART_AND_DESIGN,4.7,87510,8.7,"5,000,000",Free,0,Everyone,Art & Design,"August 1, 2018",1.2.4,4.0.3 and up
Sketch - Draw & Paint,ART_AND_DESIGN,4.5,215644,25,"50,000,000",Free,0,Teen,Art & Design,"June 8, 2018",Varies with device,4.2 and up
Pixel Draw - Number Art Coloring Book,ART_AND_DESIGN,4.3,967,2.8,"100,000",Free,0,Everyone,Art & Design;Creativity,"June 20, 2018",1.1,4.4 and up
Paper flowers instructions,ART_AND_DESIGN,4.4,167,5.6,"50,000",Free,0,Everyone,Art & Design,"March 26, 2017",1,2.3 and up
Smoke Effect Photo Maker - Smoke Editor,ART_AND_DESIGN,3.8,178,19,"50,000",Free,0,Everyone,Art & Design,"April 26, 2018",1.1,4.0.3 and up
Infinite Painter,ART_AND_DESIGN,4.1,36815,29,"1,000,000",Free,0,Everyone,Art & Design,"June 14, 2018",6.1.61.1,4.2 and up
Garden Coloring Book,ART_AND_DESIGN,4.4,13791,33,"1,000,000",Free,0,Everyone,Art & Design,"September 20, 2017",2.9.2,3.0 and up
Kids Paint Free - Drawing Fun,ART_AND_DESIGN,4.7,121,3.1,"10,000",Free,0,Everyone,Art & Design;Creativity,"July 3, 2018",2.8,4.0.3 and up
Text on Photo - Fonteee,ART_AND_DESIGN,4.4,13880,28,"1,000,000",Free,0,Everyone,Art & Design,"October 27, 2017",1.0.4,4.1 and up
Name Art Photo Editor - Focus n Filters,ART_AND_DESIGN,4.4,8788,12,"1,000,000",Free,0,Everyone,Art & Design,"July 31, 2018",1.0.15,4.0 and up
Tattoo Name On My Photo Editor,ART_AND_DESIGN,4.2,44829,20,"10,000,000",Free,0,Teen,Art & Design,"April 2, 2018",3.8,4.1 and up
Mandala Coloring Book,ART_AND_DESIGN,4.6,4326,21,"100,000",Free,0,Everyone,Art & Design,"June 26, 2018",1.0.4,4.4 and up
3D Color Pixel by Number - Sandbox Art Coloring,ART_AND_DESIGN,4.4,1518,37,"100,000",Free,0,Everyone,Art & Design,"August 3, 2018",1.2.3,2.3 and up
Learn To Draw Kawaii Characters,ART_AND_DESIGN,3.2,55,2.7,"5,000",Free,0,Everyone,Art & Design,"June 6, 2018",NaN,4.2 and up
Photo Designer - Write your name with shapes,ART_AND_DESIGN,4.7,3632,5.5,"500,000",Free,0,Everyone,Art & Design,"July 31, 2018",3.1,4.1 and up
350 Diy Room Decor Ideas,ART_AND_DESIGN,4.5,27,17,"10,000",Free,0,Everyone,Art & Design,"November 7, 2017",1,2.3 and up
FlipaClip - Cartoon animation,ART_AND_DESIGN,4.3,194216,39,"5,000,000",Free,0,Everyone,Art & Design,"August 3, 2018",2.2.5,4.0.3 and up
ibis Paint X,ART_AND_DESIGN,4.6,224399,31,"10,000,000",Free,0,Everyone,Art & Design,"July 30, 2018",5.5.4,4.1 and up
Logo Maker - Small Business,ART_AND_DESIGN,4,450,14,"100,000",Free,0,Everyone,Art & Design,"April 20, 2018",4,4.1 and up
Boys Photo Editor - Six Pack & Men's Suit,ART_AND_DESIGN,4.1,654,12,"100,000",Free,0,Everyone,Art & Design,"March 20, 2018",1.1,4.0.3 and up
Superheroes Wallpapers | 4K Backgrounds,ART_AND_DESIGN,4.7,7699,4.2,"500,000",Free,0,Everyone 10+,Art & Design,"July 12, 2018",2.2.6.2,4.0.3 and up
HD Mickey Minnie Wallpapers,ART_AND_DESIGN,4.7,118,23,"50,000",Free,0,Everyone,Art & Design,"July 7, 2018",1.1.3,4.1 and up
Harley Quinn wallpapers HD,ART_AND_DESIGN,4.8,192,6,"10,000",Free,0,Everyone,Art & Design,"April 25, 2018",1.5,3.0 and up
Colorfit - Drawing & Coloring,ART_AND_DESIGN,4.7,20260,25,"500,000",Free,0,Everyone,Art & Design;Creativity,"October 11, 2017",1.0.8,4.0.3 and up
Animated Photo Editor,ART_AND_DESIGN,4.1,203,6.1,"100,000",Free,0,Everyone,Art & Design,"March 21, 2018",1.03,4.0.3 and up
Pencil Sketch Drawing,ART_AND_DESIGN,3.9,136,4.6,"10,000",Free,0,Everyone,Art & Design,"July 12, 2018",6,2.3 and up
Easy Realistic Drawing Tutorial,ART_AND_DESIGN,4.1,223,4.2,"100,000",Free,0,Everyone,Art & Design,"August 22, 2017",1,2.3 and up
Pink Silver Bow Keyboard Theme,ART_AND_DESIGN,4.2,1120,9.2,"100,000",Free,0,Everyone,Art & Design,"July 12, 2018",6.7.12.2018,4.0.3 and up
Art Drawing Ideas,ART_AND_DESIGN,4.1,227,5.2,"50,000",Free,0,Everyone,Art & Design,"May 31, 2018",1.2,2.3 and up
Anime Manga Coloring Book,ART_AND_DESIGN,4.5,5035,11,"100,000",Free,0,Everyone,Art & Design,"July 19, 2018",2.2,4.0 and up
Easy Origami Ideas,ART_AND_DESIGN,4.2,1015,11,"100,000",Free,0,Everyone,Art & Design,"January 6, 2018",1.1.0,4.1 and up
I Creative Idea,ART_AND_DESIGN,4.7,353,4.2,"10,000",Free,0,Teen,Art & Design,"April 27, 2018",1.6,4.1 and up
How to draw Ladybug and Cat Noir,ART_AND_DESIGN,3.8,564,9.2,"100,000",Free,0,Everyone,Art & Design,"July 11, 2018",2.1,4.1 and up
UNICORN - Color By Number & Pixel Art Coloring,ART_AND_DESIGN,4.7,8145,24,"500,000",Free,0,Everyone,Art & Design;Creativity,"August 2, 2018",1.0.9,4.4 and up
Floor Plan Creator,ART_AND_DESIGN,4.1,36639,Varies with devic,"5,000,000",Free,0,Everyone,Art & Design,"July 14, 2018",Varies with device,2.3.3 and up
PIP Camera - PIP Collage Maker,ART_AND_DESIGN,4.7,158,11,"10,000",Free,0,Everyone,Art & Design,"November 29, 2017",1.3,4.0.3 and up
How To Color Disney Princess - Coloring Pages,ART_AND_DESIGN,4,591,9.4,"500,000",Free,0,Everyone,Art & Design,"March 31, 2018",1,4.0 and up
Drawing Clothes Fashion Ideas,ART_AND_DESIGN,4.2,117,15,"10,000",Free,0,Everyone,Art & Design,"July 20, 2018",2.0.1,4.0.3 and up
Sad Poetry Photo Frames 2018,ART_AND_DESIGN,4.5,176,10,"100,000",Free,0,Everyone,Art & Design,"April 2, 2018",1,4.0.3 and up
Textgram - write on photos,ART_AND_DESIGN,4.4,295221,Varies with devic,"10,000,000",Free,0,Everyone,Art & Design,"July 30, 2018",Varies with device,Varies with device
Paint Splash!,ART_AND_DESIGN,3.8,2206,1.2,"100,000",Free,0,Everyone,Art & Design;Creativity,"April 15, 2018",1.46,4.1 and up
Popsicle Sticks and Similar DIY Craft Ideas,ART_AND_DESIGN,4.2,26,12,"10,000",Free,0,Everyone,Art & Design,"January 3, 2018",1.0.0,4.1 and up
"Canva: Poster, banner, card maker & graphic design",ART_AND_DESIGN,4.7,174531,24,"10,000,000",Free,0,Everyone,Art & Design,"July 31, 2018",1.6.1,4.1 and up
Install images with music to make video without Net - 2018,ART_AND_DESIGN,4.6,1070,26,"100,000",Free,0,Everyone,Art & Design,"November 14, 2017",1.6,4.1 and up
Little Teddy Bear Colouring Book Game,ART_AND_DESIGN,4.2,85,8,"100,000",Free,0,Everyone,Art & Design,"December 17, 2017",2.0.0,4.1 and up
How To Draw Food,ART_AND_DESIGN,4.3,845,7.9,"100,000",Free,0,Everyone,Art & Design,"May 28, 2018",1,2.3 and up
Monster Truck Stunt 3D 2019,AUTO_AND_VEHICLES,4.2,367,25,"100,000",Free,0,Everyone,Auto & Vehicles,"May 10, 2018",1,4.0.3 and up
Real Tractor Farming,AUTO_AND_VEHICLES,4,1598,56,"1,000,000",Free,0,Everyone,Auto & Vehicles,"July 26, 2018",11,4.1 and up
Ultimate F1 Racing Championship,AUTO_AND_VEHICLES,3.8,284,57,"100,000",Free,0,Everyone,Auto & Vehicles,"July 26, 2018",3,4.1 and up
Used Cars and Trucks for Sale,AUTO_AND_VEHICLES,4.6,17057,Varies with devic,"1,000,000",Free,0,Everyone,Auto & Vehicles,"July 30, 2018",Varies with device,Varies with device
American Muscle Car Race,AUTO_AND_VEHICLES,3.9,129,35,"100,000",Free,0,Everyone,Auto & Vehicles,"July 26, 2018",3,4.1 and up
Offroad Oil Tanker Driver Transport Truck 2019,AUTO_AND_VEHICLES,4.3,542,33,"100,000",Free,0,Everyone,Auto & Vehicles,"July 31, 2018",4,4.1 and up
Tickets SDA 2018 and Exam from the State Traffic Safety Inspectorate with Drom.ru,AUTO_AND_VEHICLES,4.9,10479,33,"100,000",Free,0,Everyone,Auto & Vehicles,"July 18, 2018",1.7.1,4.0 and up
Gas Prices (Germany only),AUTO_AND_VEHICLES,4.4,805,5.6,"50,000",Free,0,Everyone,Auto & Vehicles,"July 29, 2018",2.5.1,4.4 and up
Extreme Rally Championship,AUTO_AND_VEHICLES,4.2,129,54,"100,000",Free,0,Everyone,Auto & Vehicles,"July 26, 2018",3,4.1 and up
Restart Navigator,AUTO_AND_VEHICLES,4,1403,201,"100,000",Free,0,Everyone,Auto & Vehicles,"August 26, 2014",1.0.1,2.2 and up
"REG - Check the regnumber, find information about Swedish vehicles",AUTO_AND_VEHICLES,3.9,3971,3.6,"100,000",Free,0,Everyone,Auto & Vehicles,"July 30, 2018",2.493,4.4 and up
CityBus Lviv,AUTO_AND_VEHICLES,4.6,534,5.7,"10,000",Free,0,Everyone,Auto & Vehicles,"July 8, 2018",1.9.1,4.0.3 and up
CDL Practice Test 2018 Edition,AUTO_AND_VEHICLES,4.9,7774,17,"100,000",Free,0,Everyone,Auto & Vehicles,"July 3, 2018",1.7,4.2 and up
"ezETC (ETC balance inquiry, meter trial, real-time traffic)",AUTO_AND_VEHICLES,4.3,38846,8.6,"1,000,000",Free,0,Everyone,Auto & Vehicles,"July 28, 2018",2.20 Build 02,4.1 and up
Free VIN Report for Used Cars,AUTO_AND_VEHICLES,4.6,2431,2.4,"100,000",Free,0,Everyone,Auto & Vehicles,"June 12, 2018",1.37,4.0 and up
DMV Permit Practice Test 2018 Edition,AUTO_AND_VEHICLES,4.9,6090,27,"100,000",Free,0,Everyone,Auto & Vehicles,"July 3, 2018",1.7,4.2 and up
Check Vehicle Tax,AUTO_AND_VEHICLES,3.9,295,2.7,"10,000",Free,0,Everyone,Auto & Vehicles,"July 30, 2018",0.2.1,4.4 and up
Used Cars Mexico,AUTO_AND_VEHICLES,4,190,2.5,"50,000",Free,0,Everyone,Auto & Vehicles,"October 14, 2016",1,2.3 and up
Ulysse Speedometer,AUTO_AND_VEHICLES,4.3,40211,Varies with devic,"5,000,000",Free,0,Everyone,Auto & Vehicles,"July 30, 2018",Varies with device,Varies with device
REPUVE,AUTO_AND_VEHICLES,3.9,356,Varies with devic,"100,000",Free,0,Everyone,Auto & Vehicles,"May 25, 2018",Varies with device,Varies with device
Used cars for sale - Trovit,AUTO_AND_VEHICLES,4.2,52530,7,"5,000,000",Free,0,Everyone,Auto & Vehicles,"July 16, 2018",4.47.3,4.0.3 and up
"Fines of the State Traffic Safety Inspectorate are official: inspection, payment of fines",AUTO_AND_VEHICLES,4.8,116986,35,"5,000,000",Free,0,Everyone,Auto & Vehicles,"August 2, 2018",1.9.7,4.0.3 and up
SK Enca Direct Malls - Used Cars Search,AUTO_AND_VEHICLES,3.6,1379,16,"500,000",Free,0,Everyone,Auto & Vehicles,"August 2, 2018",2.2.21,4.2 and up
"Android Auto - Maps, Media, Messaging & Voice",AUTO_AND_VEHICLES,4.2,271920,16,"10,000,000",Free,0,Teen,Auto & Vehicles,"July 11, 2018",Varies with device,5.0 and up
PDD-UA,AUTO_AND_VEHICLES,4.8,736,Varies with devic,"100,000",Free,0,Everyone,Auto & Vehicles,"July 29, 2018",2.9,2.3.3 and up
Tickets SDA 2019 + Exam RF,AUTO_AND_VEHICLES,4.8,7021,17,"500,000",Free,0,Everyone,Auto & Vehicles,"July 27, 2018",1.79,4.0 and up
Super Cars Wallpapers And Backgrounds,AUTO_AND_VEHICLES,4.6,197,3.4,"50,000",Free,0,Everyone,Auto & Vehicles,"June 14, 2018",1.3,4.0 and up
"Police Lights, Sirens & Follow Me",AUTO_AND_VEHICLES,4.5,737,8.9,"100,000",Free,0,Everyone,Auto & Vehicles,"June 8, 2018",2.3.5.1,4.1 and up
Police Detector (Speed Camera Radar),AUTO_AND_VEHICLES,4.3,3574,3.9,"1,000,000",Free,0,Everyone 10+,Auto & Vehicles,"July 4, 2018",1.6,4.0 and up
Best Car Wallpapers,AUTO_AND_VEHICLES,4.5,994,2.9,"100,000",Free,0,Everyone,Auto & Vehicles,"March 27, 2018",1.6,4.1 and up
Tickets + PDA 2018 Exam,AUTO_AND_VEHICLES,4.9,197136,38,"1,000,000",Free,0,Everyone,Auto & Vehicles,"July 15, 2018",8.31,4.1 and up
Pick Your Part Garage,AUTO_AND_VEHICLES,3.9,142,32,"50,000",Free,0,Everyone,Auto & Vehicles,"July 24, 2018",1.1.5.0,6.0 and up
PakWheels: Buy & Sell Cars,AUTO_AND_VEHICLES,4.4,15168,37,"1,000,000",Free,0,Everyone,Auto & Vehicles,"July 27, 2018",10.0.2,4.2 and up
Supervision service,AUTO_AND_VEHICLES,4,2155,15,"500,000",Free,0,Everyone,Auto & Vehicles,"July 30, 2018",1.10.3,5.0 and up
Speed Camera Detector - Traffic & Speed Alert,AUTO_AND_VEHICLES,4.3,138,5.4,"100,000",Free,0,Everyone,Auto & Vehicles,"July 23, 2018",1,4.0.3 and up
Used car search Goo net whole car Go to net,AUTO_AND_VEHICLES,3.7,5414,18,"1,000,000",Free,0,Everyone,Auto & Vehicles,"July 23, 2018",3.20.1,4.4 and up
CarMax ƒ?? Cars for Sale: Search Used Car Inventory,AUTO_AND_VEHICLES,4.4,21777,Varies with devic,"1,000,000",Free,0,Everyone,Auto & Vehicles,"August 4, 2018",Varies with device,Varies with device
BEST CAR SOUNDS,AUTO_AND_VEHICLES,4.3,348,38,"100,000",Free,0,Everyone,Auto & Vehicles,"July 29, 2018",1.0.3,2.3 and up
RST - Sale of cars on the PCT,AUTO_AND_VEHICLES,3.2,250,1.1,"100,000",Free,0,Everyone,Auto & Vehicles,"April 27, 2018",1.4,4.0.3 and up
AutoScout24 Switzerland ƒ?? Find your new car,AUTO_AND_VEHICLES,4.6,13372,Varies with devic,"1,000,000",Free,0,Everyone,Auto & Vehicles,"August 3, 2018",Varies with device,Varies with device
Zona Azul Digital F?­cil SP CET - OFFICIAL S?œo Paulo,AUTO_AND_VEHICLES,4.6,7880,Varies with devic,"100,000",Free,0,Everyone,Auto & Vehicles,"May 10, 2018",4.6.5,Varies with device
SMS Park,AUTO_AND_VEHICLES,4.5,3617,7.9,"100,000",Free,0,Everyone,Auto & Vehicles,"May 16, 2018",2.8.2,4.1 and up
SKencar,AUTO_AND_VEHICLES,3.7,4806,35,"1,000,000",Free,0,Everyone,Auto & Vehicles,"July 31, 2018",4.0.3,4.0.3 and up
Fuelio: Gas log & costs,AUTO_AND_VEHICLES,4.6,65786,Varies with devic,"1,000,000",Free,0,Everyone,Auto & Vehicles,"August 2, 2018",Varies with device,4.0.3 and up
auto fines,AUTO_AND_VEHICLES,4.6,31433,17,"1,000,000",Free,0,Everyone,Auto & Vehicles,"August 2, 2018",1.4,4.0.3 and up
"Used car is the first car - used car purchase, used car quotation, dealer information to",AUTO_AND_VEHICLES,4.6,5097,19,"1,000,000",Free,0,Everyone,Auto & Vehicles,"July 23, 2018",1.5.18,4.0.3 and up
All of the parking lot - National Park application (parking lot search / parking sharing / discount payment),AUTO_AND_VEHICLES,4,1754,14,"500,000",Free,0,Everyone,Auto & Vehicles,"June 2, 2018",2.3.4,4.0 and up
Inquiry Fines and Debits of Vehicles,AUTO_AND_VEHICLES,4.4,2680,2.2,"500,000",Free,0,Everyone,Auto & Vehicles,"March 20, 2018",1.03,4.0.3 and up
Gas Station,AUTO_AND_VEHICLES,4,1288,4.5,"100,000",Free,0,Everyone,Auto & Vehicles,"April 21, 2018",2.17,4.0 and up
Hush - Beauty for Everyone,BEAUTY,4.7,18900,17,"500,000",Free,0,Everyone,Beauty,"August 2, 2018",6.10.1,5.0 and up
"ipsy: Makeup, Beauty, and Tips",BEAUTY,4.9,49790,14,"1,000,000",Free,0,Everyone,Beauty,"November 9, 2017",2.3.0,4.1 and up
Natural recipes for your beauty,BEAUTY,4.7,1150,9.8,"100,000",Free,0,Everyone,Beauty,"May 15, 2018",4,4.1 and up
"BestCam Selfie-selfie, beauty camera, photo editor",BEAUTY,3.9,1739,21,"500,000",Free,0,Everyone,Beauty,"July 12, 2018",1.0.6,4.0.3 and up
Mirror - Zoom & Exposure -,BEAUTY,3.9,32090,Varies with devic,"1,000,000",Free,0,Everyone,Beauty,"October 24, 2016",Varies with device,Varies with device
Beauty Selfie Camera,BEAUTY,4.2,2225,52,"500,000",Free,0,Everyone,Beauty,"February 28, 2018",1.6,4.1 and up
Hairstyles step by step,BEAUTY,4.6,4369,14,"100,000",Free,0,Everyone,Beauty,"July 25, 2018",1.9,4.0.3 and up
Filters for Selfie,BEAUTY,4.3,8572,25,"1,000,000",Free,0,Everyone,Beauty,"May 10, 2018",1.1.0,4.0 and up
Tie - Always be happy,BEAUTY,4.7,964,9,"50,000",Free,0,Everyone,Beauty,"June 21, 2018",4,4.2 and up
Ulta Beauty,BEAUTY,4.7,42050,Varies with devic,"1,000,000",Free,0,Everyone,Beauty,"June 5, 2018",5.4,5.0 and up
Prom MakeUp Tutorial,BEAUTY,4.8,104,12,"10,000",Free,0,Everyone,Beauty,"June 26, 2018",1.3,4.0.3 and up
Selfie Camera,BEAUTY,4.2,17934,Varies with devic,"1,000,000",Free,0,Everyone,Beauty,"September 12, 2017",Varies with device,Varies with device
Sweet Selfie Beauty Camera,BEAUTY,4.3,601,35,"100,000",Free,0,Everyone,Beauty,"June 2, 2018",2.0.0,4.0 and up
Colors of white in Urdu,BEAUTY,4.5,36,6.7,"10,000",Free,0,Everyone,Beauty,"July 26, 2018",6,4.0 and up
Selfie Camera Photo Editor & Filter & Sticker,BEAUTY,4.1,187,30,"50,000",Free,0,Teen,Beauty,"July 24, 2018",3.0.1,4.0.3 and up
Eyes Makeup Beauty Tips,BEAUTY,4.2,30,2.9,"10,000",Free,0,Everyone,Beauty,"April 9, 2018",3.3.9,4.0.3 and up
Photo Editor 2018,BEAUTY,4.5,134,17,"10,000",Free,0,Everyone,Beauty,"March 1, 2018",1.2,4.0.3 and up
Step By Step Eyes Makeup Tutorial,BEAUTY,4.4,74,2.9,"10,000",Free,0,Everyone,Beauty,"April 5, 2018",2.3.09,4.0.3 and up
Beauty Camera - Selfie Camera,BEAUTY,4,113715,Varies with devic,"10,000,000",Free,0,Everyone,Beauty,"August 3, 2017",Varies with device,Varies with device
Girls Hairstyles,BEAUTY,4.1,3595,Varies with devic,"500,000",Free,0,Everyone,Beauty,"May 24, 2018",Varies with device,4.0 and up
Mirror Camera (Mirror + Selfie Camera),BEAUTY,4.1,9315,2.6,"1,000,000",Free,0,Everyone,Beauty,"November 21, 2017",1.4.2,4.0 and up
Beauty Tips - Beauty Tips in Sinhala,BEAUTY,4.4,75,4.2,"50,000",Free,0,Everyone,Beauty,"October 18, 2017",1.0.0,4.0.3 and up
Haircut Tutorials/Haircut Videos,BEAUTY,4.6,38,7.1,"10,000",Free,0,Everyone,Beauty,"May 29, 2018",1,4.0 and up
"Sephora: Skin Care, Beauty Makeup & Fragrance Shop",BEAUTY,4.5,26834,57,"1,000,000",Free,0,Everyone,Beauty,"July 24, 2018",18.5,5.0 and up
"Sticker Camera - Selfie Filters, Beauty Camera",BEAUTY,3.9,2277,22,"500,000",Free,0,Everyone,Beauty,"July 12, 2018",1.1.0,4.0.3 and up
Filters for B Live,BEAUTY,4.4,2280,24,"500,000",Free,0,Everyone,Beauty,"May 14, 2018",1.1.0,4.0 and up
Facial Wrinkle Reduction,BEAUTY,4.6,184,21,"10,000",Free,0,Everyone,Beauty,"July 2, 2018",1.5,4.1 and up
Makeup Videos,BEAUTY,3.8,9,3.4,"5,000",Free,0,Everyone,Beauty,"June 7, 2018",1,4.0 and up
Discover Color,BEAUTY,4,364,6.4,"100,000",Free,0,Everyone,Beauty,"May 24, 2018",1.1,4.0.3 and up
Eyeliner step by step 2018,BEAUTY,4.3,18,3.2,"5,000",Free,0,Everyone,Beauty,"June 1, 2018",1.2.13,4.0.3 and up
Dresses Ideas & Fashions +3000,BEAUTY,4.5,473,8.2,"100,000",Free,0,Mature 17+,Beauty,"March 1, 2017",1.0.2.0,1.6 and up
Step By Step Hairstyles For Women,BEAUTY,4.1,66,2.9,"10,000",Free,0,Everyone,Beauty,"April 5, 2018",3.1.89,4.0.3 and up
Rainbow Camera,BEAUTY,3.7,3871,23,"1,000,000",Free,0,Everyone,Beauty,"July 30, 2018",2.2.0,4.0 and up
Methods of teeth whitening,BEAUTY,4.7,257,4.6,"50,000",Free,0,Everyone,Beauty,"August 7, 2017",1,4.0.3 and up
Girls hairstyles 2018,BEAUTY,4.2,62,3.1,"10,000",Free,0,Everyone,Beauty,"May 28, 2018",1.9.2,4.0.3 and up
Wattpad ???? Free Books,BOOKS_AND_REFERENCE,4.6,2914724,Varies with devic,"100,000,000",Free,0,Teen,Books & Reference,"August 1, 2018",Varies with device,Varies with device
E-Book Read - Read Book for free,BOOKS_AND_REFERENCE,4.5,1857,4.9,"50,000",Free,0,Everyone,Books & Reference,"August 3, 2018",1.3.2,4.4 and up
Download free book with green book,BOOKS_AND_REFERENCE,4.6,4478,9.5,"100,000",Free,0,Everyone 10+,Books & Reference,"July 31, 2017",1.1,4.0 and up
Wikipedia,BOOKS_AND_REFERENCE,4.4,577550,Varies with devic,"10,000,000",Free,0,Everyone,Books & Reference,"August 2, 2018",Varies with device,Varies with device
Amazon Kindle,BOOKS_AND_REFERENCE,4.2,814080,Varies with devic,"100,000,000",Free,0,Teen,Books & Reference,"July 27, 2018",Varies with device,Varies with device
Cool Reader,BOOKS_AND_REFERENCE,4.5,246315,Varies with devic,"10,000,000",Free,0,Everyone,Books & Reference,"July 17, 2015",Varies with device,1.5 and up
Dictionary - Merriam-Webster,BOOKS_AND_REFERENCE,4.5,454060,Varies with devic,"10,000,000",Free,0,Everyone,Books & Reference,"May 18, 2018",Varies with device,Varies with device
NOOK: Read eBooks & Magazines,BOOKS_AND_REFERENCE,4.5,155446,Varies with devic,"10,000,000",Free,0,Teen,Books & Reference,"April 25, 2018",Varies with device,Varies with device
Free Panda Radio Music,BOOKS_AND_REFERENCE,4.5,418,4.2,"100,000",Free,0,Everyone,Books & Reference,"March 27, 2018",2.1,4.1 and up
Book store,BOOKS_AND_REFERENCE,4.4,22486,5.4,"1,000,000",Free,0,Teen,Books & Reference,"June 6, 2018",3.2.1,4.0 and up
FBReader: Favorite Book Reader,BOOKS_AND_REFERENCE,4.5,203130,Varies with devic,"10,000,000",Free,0,Everyone,Books & Reference,"June 28, 2018",Varies with device,Varies with device
English Grammar Complete Handbook,BOOKS_AND_REFERENCE,4.6,1435,2.8,"500,000",Free,0,Everyone,Books & Reference,"January 21, 2018",1,4.0 and up
Free Books - Spirit Fanfiction and Stories,BOOKS_AND_REFERENCE,4.8,116507,5,"1,000,000",Free,0,Teen,Books & Reference,"August 1, 2018",2.0.075,4.0.3 and up
Google Play Books,BOOKS_AND_REFERENCE,3.9,1433233,Varies with devic,"1,000,000,000",Free,0,Teen,Books & Reference,"August 3, 2018",Varies with device,Varies with device
AlReader -any text book reader,BOOKS_AND_REFERENCE,4.6,90468,5.9,"5,000,000",Free,0,Everyone,Books & Reference,"May 27, 2018",1.91180527,2.3 and up
Offline English Dictionary,BOOKS_AND_REFERENCE,4.2,860,13,"100,000",Free,0,Everyone,Books & Reference,"July 17, 2018",1,4.0.3 and up
Oxford Dictionary of English : Free,BOOKS_AND_REFERENCE,4.1,363934,7.1,"10,000,000",Free,0,Everyone,Books & Reference,"July 11, 2018",9.1.363,4.1 and up
Offline: English to Tagalog Dictionary,BOOKS_AND_REFERENCE,4.7,967,6.7,"500,000",Free,0,Everyone,Books & Reference,"August 4, 2018",1.1.6,4.0.3 and up
Spanish English Translator,BOOKS_AND_REFERENCE,4.2,87873,Varies with devic,"10,000,000",Free,0,Teen,Books & Reference,"May 28, 2018",Varies with device,Varies with device
FamilySearch Tree,BOOKS_AND_REFERENCE,4.3,17506,17,"1,000,000",Free,0,Everyone,Books & Reference,"July 20, 2018",2.3.18,4.1 and up
Cloud of Books,BOOKS_AND_REFERENCE,3.3,1862,19,"1,000,000",Free,0,Everyone,Books & Reference,"April 27, 2018",2.2.5,4.1 and up
Recipes of Prophetic Medicine for free,BOOKS_AND_REFERENCE,4.6,2084,6.7,"500,000",Free,0,Everyone,Books & Reference,"May 17, 2018",15,2.3 and up
ReadEra ƒ?? free ebook reader,BOOKS_AND_REFERENCE,4.8,47303,21,"1,000,000",Free,0,Everyone,Books & Reference,"June 2, 2018",18.05.31+530,4.1 and up
NOOK App for NOOK Devices,BOOKS_AND_REFERENCE,4.7,19080,Varies with devic,"500,000",Free,0,Everyone,Books & Reference,"April 25, 2018",Varies with device,Varies with device
Ebook Reader,BOOKS_AND_REFERENCE,4.1,85842,37,"5,000,000",Free,0,Everyone,Books & Reference,"June 25, 2018",5.0.6,4.0 and up
Litnet - E-books,BOOKS_AND_REFERENCE,4.6,7831,15,"100,000",Free,0,Teen,Books & Reference,"July 4, 2018",1.2.3,4.0 and up
Read books online,BOOKS_AND_REFERENCE,4.1,91615,23,"5,000,000",Free,0,Mature 17+,Books & Reference,"June 29, 2018",3.12,4.1 and up
English to Urdu Dictionary,BOOKS_AND_REFERENCE,4.6,4620,19,"500,000",Free,0,Everyone,Books & Reference,"November 23, 2017",2,4.0.3 and up
eBoox: book reader fb2 epub zip,BOOKS_AND_REFERENCE,4.7,21336,23,"1,000,000",Free,0,Everyone,Books & Reference,"June 20, 2018",1.28,3.0 and up
English Persian Dictionary,BOOKS_AND_REFERENCE,4.5,26875,73,"500,000",Free,0,Everyone,Books & Reference,"August 1, 2018",6.0.8,4.0.3 and up
Flybook,BOOKS_AND_REFERENCE,3.9,1778,4.9,"500,000",Free,0,Mature 17+,Books & Reference,"October 16, 2014",1.0.3,2.1 and up
All Maths Formulas,BOOKS_AND_REFERENCE,4.4,2709,6.8,"1,000,000",Free,0,Everyone,Books & Reference,"July 11, 2018",1.9,4.4 and up
Ancestry,BOOKS_AND_REFERENCE,4.3,64513,Varies with devic,"5,000,000",Free,0,Everyone,Books & Reference,"July 31, 2018",Varies with device,Varies with device
HTC Help,BOOKS_AND_REFERENCE,4.2,8342,Varies with devic,"10,000,000",Free,0,Everyone,Books & Reference,"August 28, 2017",9.00.950462,7.0 and up
English translation from Bengali,BOOKS_AND_REFERENCE,4.5,527,2.9,"100,000",Free,0,Everyone,Books & Reference,"March 31, 2018",14,4.0 and up
Pdf Book Download - Read Pdf Book,BOOKS_AND_REFERENCE,4.4,1322,3.5,"100,000",Free,0,Everyone,Books & Reference,"May 28, 2018",6,4.0.3 and up
Free Book Reader,BOOKS_AND_REFERENCE,3.4,1680,4,"100,000",Free,0,Everyone,Books & Reference,"August 20, 2016",3.05,4.0.3 and up
eBoox new: Reader for fb2 epub zip books,BOOKS_AND_REFERENCE,4.9,2739,21,"50,000",Free,0,Everyone,Books & Reference,"July 17, 2018",2,3.0 and up
"Only 30 days in English, the guideline is guaranteed",BOOKS_AND_REFERENCE,4.6,1065,2.3,"500,000",Free,0,Everyone,Books & Reference,"June 16, 2018",1.5,3.0 and up
Moon+ Reader,BOOKS_AND_REFERENCE,4.4,233757,Varies with devic,"10,000,000",Free,0,Everyone,Books & Reference,"May 1, 2018",Varies with device,Varies with device
English-Myanmar Dictionary,BOOKS_AND_REFERENCE,4.4,8788,10,"1,000,000",Free,0,Everyone,Books & Reference,"July 28, 2018",2.5.3,4.0 and up
Golden Dictionary (EN-AR),BOOKS_AND_REFERENCE,4.4,51269,6.1,"1,000,000",Free,0,Everyone,Books & Reference,"July 19, 2018",7.0.4.6,4.2 and up
All Language Translator Free,BOOKS_AND_REFERENCE,4.4,30105,2.1,"1,000,000",Free,0,Everyone,Books & Reference,"July 29, 2018",1.15,4.0.3 and up
Azpen eReader,BOOKS_AND_REFERENCE,3.5,156,42,"500,000",Free,0,Everyone,Books & Reference,"February 15, 2018",3.1.7.9,2.2 and up
English Dictionary - Offline,BOOKS_AND_REFERENCE,4.4,341157,30,"10,000,000",Free,0,Everyone 10+,Books & Reference,"March 20, 2018",3.9.1,4.2 and up
Visual Voicemail by MetroPCS,BUSINESS,4.1,16129,Varies with devic,"10,000,000",Free,0,Everyone,Business,"July 30, 2018",Varies with device,Varies with device
Indeed Job Search,BUSINESS,4.3,674730,Varies with devic,"50,000,000",Free,0,Everyone,Business,"May 21, 2018",Varies with device,Varies with device
Uber Driver,BUSINESS,4.4,1254730,Varies with devic,"10,000,000",Free,0,Everyone,Business,"August 3, 2018",Varies with device,Varies with device
ADP Mobile Solutions,BUSINESS,4.3,85185,29,"5,000,000",Free,0,Everyone,Business,"July 17, 2018",3.4.2,5.0 and up
Snag - Jobs Hiring Now,BUSINESS,4.3,32584,Varies with devic,"1,000,000",Free,0,Everyone,Business,"May 4, 2018",Varies with device,Varies with device
Docs To Goƒ?› Free Office Suite,BUSINESS,4.1,217730,Varies with devic,"50,000,000",Free,0,Everyone,Business,"April 2, 2018",Varies with device,Varies with device
Google My Business,BUSINESS,4.4,70991,Varies with devic,"5,000,000",Free,0,Everyone,Business,"July 24, 2018",2.19.0.204537701,4.4 and up
OfficeSuite : Free Office + PDF Editor,BUSINESS,4.3,1002861,35,"100,000,000",Free,0,Everyone,Business,"August 2, 2018",9.7.14188,4.1 and up
USPS MOBILE??,BUSINESS,3.9,16589,9.1,"1,000,000",Free,0,Everyone,Business,"June 14, 2018",4.9.10,4.0.3 and up
Job Search by ZipRecruiter,BUSINESS,4.8,148945,25,"1,000,000",Free,0,Everyone,Business,"July 19, 2018",5.2.8,5.0 and up
Curriculum vitae App CV Builder Free Resume Maker,BUSINESS,4.5,4458,3.9,"500,000",Free,0,Everyone,Business,"July 8, 2018",3.3,4.1 and up
Google Primer,BUSINESS,4.4,62272,18,"10,000,000",Free,0,Everyone,Business,"June 26, 2018",3.550.2,4.1 and up
Alba Heaven - Alvarez Job Portal Services,BUSINESS,4,8941,12,"5,000,000",Free,0,Everyone,Business,"July 31, 2018",4.6.30,4.0.3 and up
SuperLivePro,BUSINESS,4.3,46353,21,"1,000,000",Free,0,Everyone,Business,"April 13, 2016",2.8,1.5 and up
Facebook Pages Manager,BUSINESS,4,1279184,Varies with devic,"50,000,000",Free,0,Everyone,Business,"August 2, 2018",Varies with device,Varies with device
OfficeSuite Pro + PDF (Trial),BUSINESS,4.2,88073,Varies with devic,"10,000,000",Free,0,Everyone,Business,"July 9, 2018",Varies with device,Varies with device
My Space - Employment Center,BUSINESS,4.5,67000,Varies with devic,"1,000,000",Free,0,Everyone,Business,"July 17, 2018",Varies with device,4.3 and up
Box,BUSINESS,4.2,159872,Varies with devic,"10,000,000",Free,0,Everyone,Business,"July 31, 2018",Varies with device,Varies with device
Polaris Office for LG,BUSINESS,4.2,30847,55,"5,000,000",Free,0,Everyone,Business,"February 8, 2018",7.3.21,4.1 and up
Call Blocker,BUSINESS,4.6,188841,3.2,"5,000,000",Free,0,Everyone,Business,"June 21, 2018",1.1.13,4.0 and up
Jobs in Alabama - Jobs in Alba,BUSINESS,4.1,11622,Varies with devic,"5,000,000",Free,0,Everyone,Business,"July 26, 2018",Varies with device,Varies with device
Square Point of Sale - POS,BUSINESS,4.6,95912,Varies with devic,"5,000,000",Free,0,Everyone,Business,"July 30, 2018",Varies with device,Varies with device
Plugin:AOT v5.0,BUSINESS,3.1,4034,23,"100,000",Free,0,Everyone,Business,"September 11, 2015",3.0.1.11 (Build 311),2.2 and up
Kariyer.net,BUSINESS,3.9,45964,16,"1,000,000",Free,0,Everyone,Business,"July 18, 2018",5.1.5,4.1 and up
SEEK Job Search,BUSINESS,4.3,14955,Varies with devic,"1,000,000",Free,0,Everyone,Business,"July 30, 2018",Varies with device,Varies with device
Become a Job - Find a job or advertise,BUSINESS,4.1,6903,14,"1,000,000",Free,0,Everyone,Business,"July 10, 2018",2.3.6,4.1 and up
ZOOM Cloud Meetings,BUSINESS,4.4,31614,37,"10,000,000",Free,0,Everyone,Business,"July 20, 2018",4.1.28165.0716,4.0 and up
Easy Installer - Apps On SD,BUSINESS,4.1,23055,Varies with devic,"5,000,000",Free,0,Everyone,Business,"June 8, 2018",Varies with device,Varies with device
Facebook Ads Manager,BUSINESS,4.1,19023,Varies with devic,"1,000,000",Free,0,Everyone,Business,"August 1, 2018",99.0.0.35.75,4.1 and up
"IndiaMART: Search Products, Buy, Sell & Trade",BUSINESS,4.5,207372,11,"5,000,000",Free,0,Everyone,Business,"August 2, 2018",12.2.4,4.0 and up
ViettelPost express delivery,BUSINESS,4.4,1225,25,"100,000",Free,0,Everyone,Business,"August 1, 2018",1.0.6.8,4.1 and up
MyASUS - Service Center,BUSINESS,4.4,380837,7.3,"10,000,000",Free,0,Everyone,Business,"July 4, 2018",3.4.5,4.2 and up
Job Korea - Career Jobs,BUSINESS,4.3,10600,6.5,"1,000,000",Free,0,Everyone,Business,"August 1, 2018",2.5.6,4.0 and up
"104 Looking for a job - looking for a job, looking for a job, looking for a part-time job, health checkup, resume, treatment room",BUSINESS,4.4,74359,25,"1,000,000",Free,0,Everyone,Business,"July 27, 2018",1.12.5,4.0 and up
Myanmar 2D/3D,BUSINESS,4.6,822,3.1,"100,000",Free,0,Everyone,Business,"June 8, 2018",1.5,4.0.3 and up
Quick PDF Scanner + OCR FREE,BUSINESS,4.2,80805,Varies with devic,"5,000,000",Free,0,Everyone,Business,"February 26, 2018",Varies with device,4.0.3 and up
sABN,BUSINESS,4.4,2287,1.5,"1,000,000",Free,0,Everyone,Business,"March 26, 2018",4.9,2.2 and up
ATI Cargoes and Transportation,BUSINESS,4.7,4162,7.5,"100,000",Free,0,Everyone,Business,"July 24, 2018",0.9.4,4.0.3 and up
Secure Folder,BUSINESS,3.8,14760,8.6,"50,000,000",Free,0,Everyone,Business,"January 31, 2018",1.1.07.6,7.0 and up
UPS Mobile,BUSINESS,3.9,23243,Varies with devic,"5,000,000",Free,0,Everyone,Business,"June 25, 2018",Varies with device,Varies with device
SignEasy | Sign and Fill PDF and other Documents,BUSINESS,4.3,8978,Varies with devic,"1,000,000",Free,0,Everyone,Business,"July 25, 2018",Varies with device,Varies with device
Quick PDF Scanner + OCR FREE,BUSINESS,4.2,80805,Varies with devic,"5,000,000",Free,0,Everyone,Business,"February 26, 2018",Varies with device,4.0.3 and up
Genius Scan - PDF Scanner,BUSINESS,4.4,42492,Varies with devic,"1,000,000",Free,0,Everyone,Business,"July 11, 2018",Varies with device,Varies with device
Tiny Scanner - PDF Scanner App,BUSINESS,4.7,286897,39,"10,000,000",Free,0,Everyone,Business,"May 30, 2017",1.2.6,3.0 and up
Fast Scanner : Free PDF Scan,BUSINESS,4.5,103755,14,"10,000,000",Free,0,Everyone,Business,"July 11, 2018",3.9.2,4.1 and up
Mobile Doc Scanner (MDScan) Lite,BUSINESS,4.2,46505,19,"1,000,000",Free,0,Everyone,Business,"August 2, 2018",3.4.49,4.1 and up
TurboScan: scan documents and receipts in PDF,BUSINESS,4.7,11442,6.8,"100,000",Paid,4.99,Everyone,Business,"March 25, 2018",1.5.2,4.0 and up
Tiny Scanner Pro: PDF Doc Scan,BUSINESS,4.8,10295,39,"100,000",Paid,4.99,Everyone,Business,"April 11, 2017",3.4.6,3.0 and up
Box,BUSINESS,4.2,159872,Varies with devic,"10,000,000",Free,0,Everyone,Business,"July 31, 2018",Varies with device,Varies with device
Zenefits,BUSINESS,4.2,296,14,"50,000",Free,0,Everyone,Business,"June 15, 2018",3.2.1,4.1 and up
Google Ads,BUSINESS,4.3,29313,20,"5,000,000",Free,0,Everyone,Business,"July 30, 2018",1.12.0,4.0.3 and up
Google My Business,BUSINESS,4.4,70991,Varies with devic,"5,000,000",Free,0,Everyone,Business,"July 24, 2018",2.19.0.204537701,4.4 and up
Slack,BUSINESS,4.4,51507,Varies with devic,"5,000,000",Free,0,Everyone,Business,"August 2, 2018",Varies with device,Varies with device
FreshBooks Classic,BUSINESS,4.1,1802,26,"100,000",Free,0,Everyone,Business,"April 18, 2018",1.7.14,4.2 and up
Insightly CRM,BUSINESS,3.8,1383,51,"100,000",Free,0,Everyone,Business,"July 12, 2018",3.24.1,5.0 and up
QuickBooks Accounting: Invoicing & Expenses,BUSINESS,4.3,23175,41,"1,000,000",Free,0,Everyone,Business,"July 13, 2018",18.7,4.1 and up
HipChat - Chat Built for Teams,BUSINESS,3.8,5868,20,"500,000",Free,0,Everyone,Business,"July 3, 2018",3.19.005,4.1 and up
Xero Accounting Software,BUSINESS,3.5,2111,Varies with devic,"100,000",Free,0,Everyone,Business,"July 30, 2018",Varies with device,Varies with device
"MailChimp - Email, Marketing Automation",BUSINESS,4.1,5448,12,"500,000",Free,0,Everyone,Business,"July 25, 2018",4.9.1,5.0 and up
Crew - Free Messaging and Scheduling,BUSINESS,4.6,4159,48,"500,000",Free,0,Everyone,Business,"July 20, 2018",6.1.2,4.0.3 and up
Asana: organize team projects,BUSINESS,4.3,20815,10,"1,000,000",Free,0,Everyone,Business,"July 26, 2018",6.4.4,5.0 and up
Google Analytics,BUSINESS,4.5,78662,22,"1,000,000",Free,0,Everyone,Business,"February 13, 2018",3.7.5,4.4 and up
AdWords Express,BUSINESS,4.1,7149,11,"1,000,000",Free,0,Everyone,Business,"July 31, 2018",2.6.158,4.0 and up
Accounting App - Zoho Books,BUSINESS,4.5,3079,8.5,"100,000",Free,0,Everyone,Business,"August 2, 2018",5.20.7,4.1 and up
Invoice & Time Tracking - Zoho,BUSINESS,4.6,5800,8.6,"100,000",Free,0,Everyone,Business,"August 2, 2018",5.20.7,4.1 and up
join.me - Simple Meetings,BUSINESS,4,6989,Varies with devic,"1,000,000",Free,0,Everyone,Business,"July 16, 2018",4.3.0.508,4.4 and up
Invoice 2go ƒ?? Professional Invoices and Estimates,BUSINESS,4.2,16422,28,"1,000,000",Free,0,Everyone,Business,"August 1, 2018",10.46.2,4.1 and up
Cisco Webex Meetings,BUSINESS,4.4,108741,28,"10,000,000",Free,0,Everyone,Business,"July 20, 2018",11.1.0,4.3 and up
ZOOM Cloud Meetings,BUSINESS,4.4,31614,37,"10,000,000",Free,0,Everyone,Business,"July 20, 2018",4.1.28165.0716,4.0 and up
ScreenMeet. Easy Phone Meeting,BUSINESS,4,624,9,"100,000",Free,0,Everyone,Business,"March 22, 2018",1.2.287,5.0 and up
Cisco Webex Teams,BUSINESS,4.2,1661,46,"100,000",Free,0,Everyone,Business,"August 2, 2018",3.0.4651,4.4 and up
Microsoft Remote Desktop,BUSINESS,4.2,97702,Varies with devic,"5,000,000",Free,0,Everyone,Business,"July 11, 2018",Varies with device,Varies with device
Start Meeting,BUSINESS,4.1,308,14,"50,000",Free,0,Everyone,Business,"May 29, 2018",3.1.4.0,4.0.3 and up
join.me - Simple Meetings,BUSINESS,4,6989,Varies with devic,"1,000,000",Free,0,Everyone,Business,"July 16, 2018",4.3.0.508,4.4 and up
ClickMeeting Webinars,BUSINESS,3.8,5211,26,"1,000,000",Free,0,Everyone,Business,"July 30, 2018",3.3.0,4.0 and up
BlueJeans for Android,BUSINESS,3.9,1058,23,"500,000",Free,0,Everyone,Business,"June 29, 2018",2.22.397,5.0 and up
Skype for Business for Android,BUSINESS,3.9,78172,Varies with devic,"10,000,000",Free,0,Everyone,Business,"August 2, 2018",Varies with device,Varies with device
Box,BUSINESS,4.2,159872,Varies with devic,"10,000,000",Free,0,Everyone,Business,"July 31, 2018",Varies with device,Varies with device
Zenefits,BUSINESS,4.2,296,14,"50,000",Free,0,Everyone,Business,"June 15, 2018",3.2.1,4.1 and up
Google Ads,BUSINESS,4.3,29313,20,"5,000,000",Free,0,Everyone,Business,"July 30, 2018",1.12.0,4.0.3 and up
Google My Business,BUSINESS,4.4,70991,Varies with devic,"5,000,000",Free,0,Everyone,Business,"July 24, 2018",2.19.0.204537701,4.4 and up
Slack,BUSINESS,4.4,51507,Varies with devic,"5,000,000",Free,0,Everyone,Business,"August 2, 2018",Varies with device,Varies with device
FreshBooks Classic,BUSINESS,4.1,1802,26,"100,000",Free,0,Everyone,Business,"April 18, 2018",1.7.14,4.2 and up
Insightly CRM,BUSINESS,3.8,1383,51,"100,000",Free,0,Everyone,Business,"July 12, 2018",3.24.1,5.0 and up
QuickBooks Accounting: Invoicing & Expenses,BUSINESS,4.3,23175,41,"1,000,000",Free,0,Everyone,Business,"July 13, 2018",18.7,4.1 and up
HipChat - Chat Built for Teams,BUSINESS,3.8,5868,20,"500,000",Free,0,Everyone,Business,"July 3, 2018",3.19.005,4.1 and up
Xero Accounting Software,BUSINESS,3.5,2111,Varies with devic,"100,000",Free,0,Everyone,Business,"July 30, 2018",Varies with device,Varies with device
"MailChimp - Email, Marketing Automation",BUSINESS,4.1,5448,12,"500,000",Free,0,Everyone,Business,"July 25, 2018",4.9.1,5.0 and up
Crew - Free Messaging and Scheduling,BUSINESS,4.6,4159,48,"500,000",Free,0,Everyone,Business,"July 20, 2018",6.1.2,4.0.3 and up
Asana: organize team projects,BUSINESS,4.3,20815,10,"1,000,000",Free,0,Everyone,Business,"July 26, 2018",6.4.4,5.0 and up
Google Analytics,BUSINESS,4.5,78662,22,"1,000,000",Free,0,Everyone,Business,"February 13, 2018",3.7.5,4.4 and up
AdWords Express,BUSINESS,4.1,7149,11,"1,000,000",Free,0,Everyone,Business,"July 31, 2018",2.6.158,4.0 and up
Accounting App - Zoho Books,BUSINESS,4.5,3079,8.5,"100,000",Free,0,Everyone,Business,"August 2, 2018",5.20.7,4.1 and up
Invoice & Time Tracking - Zoho,BUSINESS,4.6,5800,8.6,"100,000",Free,0,Everyone,Business,"August 2, 2018",5.20.7,4.1 and up
join.me - Simple Meetings,BUSINESS,4,6989,Varies with devic,"1,000,000",Free,0,Everyone,Business,"July 16, 2018",4.3.0.508,4.4 and up
Invoice 2go ƒ?? Professional Invoices and Estimates,BUSINESS,4.2,16422,28,"1,000,000",Free,0,Everyone,Business,"August 1, 2018",10.46.2,4.1 and up
SignEasy | Sign and Fill PDF and other Documents,BUSINESS,4.3,8978,Varies with devic,"1,000,000",Free,0,Everyone,Business,"July 25, 2018",Varies with device,Varies with device
Quick PDF Scanner + OCR FREE,BUSINESS,4.2,80804,Varies with devic,"5,000,000",Free,0,Everyone,Business,"February 26, 2018",Varies with device,4.0.3 and up
Genius Scan - PDF Scanner,BUSINESS,4.4,42492,Varies with devic,"1,000,000",Free,0,Everyone,Business,"July 11, 2018",Varies with device,Varies with device
Tiny Scanner - PDF Scanner App,BUSINESS,4.7,286897,39,"10,000,000",Free,0,Everyone,Business,"May 30, 2017",1.2.6,3.0 and up
Fast Scanner : Free PDF Scan,BUSINESS,4.5,103755,14,"10,000,000",Free,0,Everyone,Business,"July 11, 2018",3.9.2,4.1 and up
Mobile Doc Scanner (MDScan) Lite,BUSINESS,4.2,46505,19,"1,000,000",Free,0,Everyone,Business,"August 2, 2018",3.4.49,4.1 and up
TurboScan: scan documents and receipts in PDF,BUSINESS,4.7,11442,6.8,"100,000",Paid,4.99,Everyone,Business,"March 25, 2018",1.5.2,4.0 and up
Tiny Scanner Pro: PDF Doc Scan,BUSINESS,4.8,10295,39,"100,000",Paid,4.99,Everyone,Business,"April 11, 2017",3.4.6,3.0 and up
Docs To Goƒ?› Free Office Suite,BUSINESS,4.1,217730,Varies with devic,"50,000,000",Free,0,Everyone,Business,"April 2, 2018",Varies with device,Varies with device
OfficeSuite : Free Office + PDF Editor,BUSINESS,4.3,1002859,35,"100,000,000",Free,0,Everyone,Business,"August 2, 2018",9.7.14188,4.1 and up
Slack,BUSINESS,4.4,51510,Varies with devic,"5,000,000",Free,0,Everyone,Business,"August 2, 2018",Varies with device,Varies with device
Verify - Receipts & Expenses,BUSINESS,4.5,413,29,"10,000",Free,0,Everyone,Business,"July 25, 2018",2.0.19,5.0 and up
QuickBooks Accounting: Invoicing & Expenses,BUSINESS,4.3,23175,41,"1,000,000",Free,0,Everyone,Business,"July 13, 2018",18.7,4.1 and up
LINE WEBTOON - Free Comics,COMICS,4.5,1013635,Varies with devic,"10,000,000",Free,0,Teen,Comics,"July 31, 2018",Varies with device,Varies with device
Manga Master - Best manga & comic reader,COMICS,4.6,24005,4.9,"500,000",Free,0,Adults only 18+,Comics,"July 4, 2018",1.1.7.0,4.1 and up
GANMA! - All original stories free of charge for all original comics,COMICS,4.7,57106,27,"1,000,000",Free,0,Teen,Comics,"July 23, 2018",2.11.3,4.1 and up
R??hrich Werner Soundboard,COMICS,4.7,2249,32,"500,000",Free,0,Everyone,Comics,"November 16, 2017",1.08,4.0.3 and up
Unicorn Pokez - Color By Number,COMICS,4.8,516,12,"50,000",Free,0,Everyone,Comics;Creativity,"August 3, 2018",1.0.6,4.4 and up
MangaToon - Comics updated Daily,COMICS,3.9,834,15,"50,000",Free,0,Mature 17+,Comics,"August 1, 2018",1.0.8,4.1 and up
Manga Net ƒ?? Best Online Manga Reader,COMICS,4.1,1010,11,"50,000",Free,0,Mature 17+,Comics,"July 7, 2018",1.5,4.1 and up
Manga Rock - Best Manga Reader,COMICS,4.4,238970,28,"1,000,000",Free,0,Teen,Comics,"July 9, 2018",3.4.3_world,5.0 and up
Manga - read Thai translation,COMICS,4.6,302,2.2,"10,000",Free,0,Teen,Comics,"July 3, 2018",1,4.0 and up
The Vietnam Story - Fun Stories,COMICS,4.5,438,3.4,"10,000",Free,0,Everyone,Comics,"December 27, 2017",1,2.3 and up
Dragon Ball Wallpaper - Ringtones,COMICS,4.7,73,8.3,"10,000",Free,0,Everyone,Comics,"July 23, 2018",1.9,4.0.3 and up
Funny Jokes Photos,COMICS,4.4,39,4.3,"10,000",Free,0,Everyone 10+,Comics,"July 3, 2018",1.1,4.2 and up
Truy ¯?n Vui T?« Qu §?y,COMICS,4.5,144,4.7,"10,000",Free,0,Everyone,Comics,"July 19, 2018",3,4.0.3 and up
Comic Es - Shojo manga / love comics free of charge ƒ?¦ ƒ?¦,COMICS,3.9,2181,10,"100,000",Free,0,Teen,Comics,"March 5, 2018",1.2.12,4.0.3 and up
comico Popular Original Cartoon Updated Everyday Comico,COMICS,3.2,93965,15,"5,000,000",Free,0,Teen,Comics,"July 3, 2018",6.3.0,4.0.3 and up
Daily Manga - Comic & Webtoon,COMICS,3.2,1446,7.1,"100,000",Free,0,Mature 17+,Comics,"May 18, 2018",1,4.0.3 and up
"‘¬®†?? Comics - Manga,Novel and Stories",COMICS,4.1,12088,21,"1,000,000",Free,0,Mature 17+,Comics,"July 6, 2018",2.3.1,4.0.3 and up
Emmanuella Funny Videos 2018,COMICS,4.5,314,6.1,"100,000",Free,0,Everyone,Comics,"May 23, 2018",3.1.0,4.1 and up
DC Comics,COMICS,4.2,25671,Varies with devic,"1,000,000",Free,0,Teen,Comics,"June 5, 2018",Varies with device,Varies with device
Manga Zero - Japanese cartoon and comic reader,COMICS,4.2,15194,15,"1,000,000",Free,0,Teen,Comics,"July 19, 2018",4.7.3,4.2 and up
Marvel Unlimited,COMICS,3.7,22551,11,"1,000,000",Free,0,Teen,Comics,"July 24, 2018",3.16.0,4.4 and up
"Tapas ƒ?? Comics, Novels, and Stories",COMICS,4.5,29839,29,"1,000,000",Free,0,Teen,Comics,"July 31, 2018",4.1.0,4.4 and up
Children's cartoons (Mithu-Mina-Raju),COMICS,4.6,279,3.3,"100,000",Free,0,Everyone,Comics,"December 18, 2017",1.6,4.0 and up
Narrator's Voice,COMICS,4.5,564387,Varies with devic,"5,000,000",Free,0,Everyone,Comics,"July 5, 2018",Varies with device,Varies with device
Faustop Sounds,COMICS,4.7,1677,40,"100,000",Free,0,Everyone,Comics,"May 26, 2018",1.7.7,4.1 and up
Manga Mania - Best online manga reader,COMICS,4.4,757,10,"10,000",Free,0,Teen,Comics,"May 24, 2018",1,4.1 and up
#NAME?,COMICS,3.5,115,9.1,"10,000",Free,0,Mature 17+,Comics,"July 13, 2018",5.0.12,5.0 and up
Manga AZ - Manga Comic Reader,COMICS,3.3,125,4.7,"5,000",Free,0,Teen,Comics,"July 24, 2018",1.0.4,4.0.3 and up
Buff Thun - Daily Free Webtoon / Comics / Web Fiction / Mini Game,COMICS,4.5,9952,38,"500,000",Free,0,Everyone 10+,Comics,"July 31, 2018",4.3.0,4.1 and up
pixiv comic - everyone's manga app,COMICS,4.4,18814,Varies with devic,"1,000,000",Free,0,Mature 17+,Comics,"July 30, 2018",Varies with device,Varies with device
Funny Jokes and Stories 2018,COMICS,4.2,21,6.7,"5,000",Free,0,Everyone,Comics,"March 31, 2018",1.3,4.0 and up
Hojiboy Tojiboyev Life Hacks,COMICS,5,15,37,"1,000",Free,0,Everyone,Comics,"June 26, 2018",2,4.0.3 and up
Perfect Viewer,COMICS,4.4,51981,Varies with devic,"5,000,000",Free,0,Everyone,Comics,"August 1, 2018",4.2.0.2,2.3 and up
"Best Wallpapers Backgrounds(100,000+ 4K HD)",COMICS,4.7,3596,7.8,"10,000",Free,0,Teen,Comics,"June 16, 2018",1.01,4.0.3 and up
think Comics,COMICS,4.4,1006,19,"50,000",Free,0,Everyone,Comics,"August 3, 2018",2.3.3,4.0.3 and up
Memes Button,COMICS,4.4,5968,5.7,"1,000,000",Free,0,Everyone,Comics,"May 28, 2018",1.4,4.0 and up
"Laftel - Watching and Announcing Snooping, Streaming",COMICS,4.6,4895,35,"100,000",Free,0,Everyone,Comics,"August 2, 2018",2.4.25,4.4 and up
Messenger ƒ?? Text and Video Chat for Free,COMMUNICATION,4,56642847,Varies with devic,"1,000,000,000",Free,0,Everyone,Communication,"August 1, 2018",Varies with device,Varies with device
WhatsApp Messenger,COMMUNICATION,4.4,69119316,Varies with devic,"1,000,000,000",Free,0,Everyone,Communication,"August 3, 2018",Varies with device,Varies with device
Messenger for SMS,COMMUNICATION,4.3,125257,17,"10,000,000",Free,0,Teen,Communication,"June 6, 2018",1.8.9,4.1 and up
Google Chrome: Fast & Secure,COMMUNICATION,4.3,9642995,Varies with devic,"1,000,000,000",Free,0,Everyone,Communication,"August 1, 2018",Varies with device,Varies with device
Messenger Lite: Free Calls & Messages,COMMUNICATION,4.4,1429035,Varies with devic,"100,000,000",Free,0,Everyone,Communication,"July 25, 2018",37.0.0.7.163,2.3 and up
Gmail,COMMUNICATION,4.3,4604324,Varies with devic,"1,000,000,000",Free,0,Everyone,Communication,"August 2, 2018",Varies with device,Varies with device
Hangouts,COMMUNICATION,4,3419249,Varies with devic,"1,000,000,000",Free,0,Everyone,Communication,"July 21, 2018",Varies with device,Varies with device
Viber Messenger,COMMUNICATION,4.3,11334799,Varies with devic,"500,000,000",Free,0,Everyone,Communication,"July 18, 2018",Varies with device,Varies with device
My Tele2,COMMUNICATION,4.3,158679,8.8,"5,000,000",Free,0,Everyone,Communication,"August 3, 2018",2.4.1,4.4 and up
Firefox Browser fast & private,COMMUNICATION,4.4,3075028,Varies with devic,"100,000,000",Free,0,Everyone,Communication,"July 10, 2018",Varies with device,Varies with device
Yahoo Mail ƒ?? Stay Organized,COMMUNICATION,4.3,4187998,16,"100,000,000",Free,0,Everyone,Communication,"July 18, 2018",5.29.3,4.4 and up
imo beta free calls and text,COMMUNICATION,4.3,659395,11,"100,000,000",Free,0,Everyone,Communication,"June 7, 2018",9.8.000000010492,4.0 and up
imo free video calls and chat,COMMUNICATION,4.3,4785892,11,"500,000,000",Free,0,Everyone,Communication,"June 8, 2018",9.8.000000010501,4.0 and up
Contacts,COMMUNICATION,4.3,66602,Varies with devic,"50,000,000",Free,0,Everyone,Communication,"June 26, 2018",2.8.4.201036949,5.0 and up
Call Free ƒ?? Free Call,COMMUNICATION,4.3,30209,15,"5,000,000",Free,0,Everyone,Communication,"July 28, 2018",1.3.4,4.1 and up
Web Browser & Explorer,COMMUNICATION,4,36901,6.6,"5,000,000",Free,0,Everyone,Communication,"July 4, 2018",11.8.6,4.0.3 - 7.1.1
Opera Mini - fast web browser,COMMUNICATION,4.5,5149854,Varies with devic,"100,000,000",Free,0,Everyone,Communication,"July 19, 2018",Varies with device,Varies with device
Browser 4G,COMMUNICATION,4.3,192948,6.6,"10,000,000",Free,0,Everyone,Communication,"June 19, 2018",24.6.6,4.0.3 - 7.1.1
MegaFon Dashboard,COMMUNICATION,3.7,99559,Varies with devic,"10,000,000",Free,0,Everyone,Communication,"July 30, 2018",Varies with device,Varies with device
ZenUI Dialer & Contacts,COMMUNICATION,4.5,437674,Varies with devic,"10,000,000",Free,0,Everyone,Communication,"August 1, 2018",Varies with device,Varies with device
Cricket Visual Voicemail,COMMUNICATION,3.9,13698,5.1,"10,000,000",Free,0,Everyone,Communication,"July 2, 2018",3.2.0.100171,4.1 and up
Opera Browser: Fast and Secure,COMMUNICATION,4.4,2473509,Varies with devic,"100,000,000",Free,0,Everyone,Communication,"July 31, 2018",47.1.2249.129326,Varies with device
TracFone My Account,COMMUNICATION,3.6,20769,18,"1,000,000",Free,0,Everyone,Communication,"July 11, 2018",R6.0.3,4.1 and up
Firefox Focus: The privacy browser,COMMUNICATION,4.4,36880,4,"1,000,000",Free,0,Everyone,Communication,"July 6, 2018",5.2,5.0 and up
Google Voice,COMMUNICATION,4.2,171031,Varies with devic,"10,000,000",Free,0,Everyone,Communication,"August 3, 2018",Varies with device,Varies with device
Chrome Dev,COMMUNICATION,4.4,63543,Varies with devic,"5,000,000",Free,0,Everyone,Communication,"August 2, 2018",69.0.3497.24,Varies with device
Xperia Linkƒ?›,COMMUNICATION,4.1,45487,Varies with devic,"10,000,000",Free,0,Everyone,Communication,"October 27, 2016",Varies with device,Varies with device
TouchPal Keyboard - Fun Emoji & Android Keyboard,COMMUNICATION,4.4,615381,37,"10,000,000",Free,0,Mature 17+,Communication,"August 2, 2018",6.7.9.1,4.0.3 and up
Who,COMMUNICATION,4.3,2451083,Varies with devic,"100,000,000",Free,0,Teen,Communication,"August 3, 2018",Varies with device,Varies with device
Skype Lite - Free Video Call & Chat,COMMUNICATION,4.2,33053,22,"5,000,000",Free,0,Everyone,Communication,"July 31, 2018",1.60.0.31354-release,4.0.3 and up
WeChat,COMMUNICATION,4.2,5387333,Varies with devic,"100,000,000",Free,0,Everyone,Communication,"July 31, 2018",Varies with device,Varies with device
UC Browser Mini -Tiny Fast Private & Secure,COMMUNICATION,4.4,3648120,3.3,"100,000,000",Free,0,Teen,Communication,"July 18, 2018",11.4.0,4.0 and up
WhatsApp Business,COMMUNICATION,4.4,136662,32,"10,000,000",Free,0,Everyone,Communication,"July 30, 2018",2.18.116,4.0.3 and up
My magenta,COMMUNICATION,3.9,42370,37,"1,000,000",Free,0,Everyone,Communication,"June 25, 2018",7.5.1,5.0 and up
Android Messages,COMMUNICATION,4.2,781810,Varies with devic,"100,000,000",Free,0,Everyone,Communication,"August 1, 2018",Varies with device,Varies with device
Telegram,COMMUNICATION,4.4,3128250,Varies with devic,"100,000,000",Free,0,Mature 17+,Communication,"July 27, 2018",Varies with device,Varies with device
Google Duo - High Quality Video Calls,COMMUNICATION,4.6,2083237,Varies with devic,"500,000,000",Free,0,Everyone,Communication,"July 31, 2018",37.1.206017801.DR37_RC14,4.4 and up
Puffin Web Browser,COMMUNICATION,4.3,541389,Varies with devic,"10,000,000",Free,0,Everyone,Communication,"July 9, 2018",7.5.3.20547,4.1 and up
Seznam.cz,COMMUNICATION,4.3,46702,Varies with devic,"1,000,000",Free,0,Everyone,Communication,"July 4, 2018",Varies with device,Varies with device
Antillean Gold Telegram (original version),COMMUNICATION,4.4,2939,17,"100,000",Free,0,Everyone,Communication,"July 16, 2018",2.1,4.1 and up
AT&T Visual Voicemail,COMMUNICATION,3.7,13761,Varies with devic,"10,000,000",Free,0,Everyone,Communication,"June 27, 2018",Varies with device,Varies with device
GMX Mail,COMMUNICATION,4.3,258556,Varies with devic,"10,000,000",Free,0,Everyone,Communication,"July 25, 2018",Varies with device,Varies with device
Omlet Chat,COMMUNICATION,3.9,40751,35,"10,000,000",Free,0,Teen,Communication,"November 4, 2016",2.2.7600,4.0.3 and up
UC Browser - Fast Download Private & Secure,COMMUNICATION,4.5,17712922,40,"500,000,000",Free,0,Teen,Communication,"August 2, 2018",12.8.5.1121,4.0 and up
My Vodacom SA,COMMUNICATION,3.7,25021,61,"5,000,000",Free,0,Everyone,Communication,"June 26, 2018",9.9.0,4.3 and up
Microsoft Edge,COMMUNICATION,4.3,27187,66,"5,000,000",Free,0,Everyone,Communication,"July 28, 2018",42.0.0.2059,4.4 and up
WhatsApp Messenger,COMMUNICATION,4.4,69119316,Varies with devic,"1,000,000,000",Free,0,Everyone,Communication,"August 3, 2018",Varies with device,Varies with device
Messenger ƒ?? Text and Video Chat for Free,COMMUNICATION,4,56646578,Varies with devic,"1,000,000,000",Free,0,Everyone,Communication,"August 1, 2018",Varies with device,Varies with device
imo free video calls and chat,COMMUNICATION,4.3,4785988,11,"500,000,000",Free,0,Everyone,Communication,"June 8, 2018",9.8.000000010501,4.0 and up
Hangouts Dialer - Call Phones,COMMUNICATION,4,122498,79,"10,000,000",Free,0,Everyone,Communication,"September 2, 2015",0.1.100944346,4.0.3 and up
Viber Messenger,COMMUNICATION,4.3,11334973,Varies with devic,"500,000,000",Free,0,Everyone,Communication,"July 18, 2018",Varies with device,Varies with device
Hangouts,COMMUNICATION,4,3419433,Varies with devic,"1,000,000,000",Free,0,Everyone,Communication,"July 21, 2018",Varies with device,Varies with device
"Talkatone: Free Texts, Calls & Phone Number",COMMUNICATION,4.1,132014,25,"10,000,000",Free,0,Everyone,Communication,"July 18, 2018",6.1,4.2 and up
Calls & Text by Mo+,COMMUNICATION,4.2,83239,14,"5,000,000",Free,0,Everyone,Communication,"April 19, 2018",3.0.4,4.0 and up
free video calls and chat,COMMUNICATION,4.2,594728,Varies with devic,"50,000,000",Free,0,Everyone,Communication,"July 19, 2018",7.3(800241),4.4 and up
WeChat,COMMUNICATION,4.2,5387446,Varies with devic,"100,000,000",Free,0,Everyone,Communication,"July 31, 2018",Varies with device,Varies with device
Skype - free IM & video calls,COMMUNICATION,4.1,10484169,Varies with devic,"1,000,000,000",Free,0,Everyone,Communication,"August 3, 2018",Varies with device,Varies with device
Telegram,COMMUNICATION,4.4,3128509,Varies with devic,"100,000,000",Free,0,Mature 17+,Communication,"July 27, 2018",Varies with device,Varies with device
Who,COMMUNICATION,4.3,2451093,Varies with devic,"100,000,000",Free,0,Teen,Communication,"August 3, 2018",Varies with device,Varies with device
Google Voice,COMMUNICATION,4.2,171031,Varies with devic,"10,000,000",Free,0,Everyone,Communication,"August 3, 2018",Varies with device,Varies with device
"GO SMS Pro - Messenger, Free Themes, Emoji",COMMUNICATION,4.4,2876500,24,"100,000,000",Free,0,Everyone,Communication,"August 1, 2018",7.73,4.0 and up
Android Messages,COMMUNICATION,4.2,781810,Varies with devic,"100,000,000",Free,0,Everyone,Communication,"August 1, 2018",Varies with device,Varies with device
"Messaging+ SMS, MMS Free",COMMUNICATION,4.1,28238,17,"1,000,000",Free,0,Everyone,Communication,"August 2, 2018",4.98,2.3 and up
chomp SMS,COMMUNICATION,4.3,335646,8.3,"10,000,000",Free,0,Everyone,Communication,"July 26, 2018",7.21,2.3 and up
Glide - Video Chat Messenger,COMMUNICATION,4.3,350154,Varies with devic,"10,000,000",Free,0,Everyone,Communication,"July 29, 2018",Varies with device,Varies with device
Text SMS,COMMUNICATION,4.5,349384,8.2,"10,000,000",Free,0,Everyone,Communication,"July 24, 2018",3.47,4.0.3 and up
Google Allo,COMMUNICATION,4.3,346982,Varies with devic,"10,000,000",Free,0,Everyone,Communication,"January 23, 2018",Varies with device,4.1 and up
Talkray - Free Calls & Texts,COMMUNICATION,4.2,244863,Varies with devic,"10,000,000",Free,0,Everyone,Communication,"May 29, 2018",Varies with device,Varies with device
LINE: Free Calls & Messages,COMMUNICATION,4.2,10790289,Varies with devic,"500,000,000",Free,0,Everyone,Communication,"July 26, 2018",Varies with device,Varies with device
GroupMe,COMMUNICATION,4.5,330761,Varies with devic,"10,000,000",Free,0,Everyone,Communication,"July 3, 2018",Varies with device,Varies with device
mysms SMS Text Messaging Sync,COMMUNICATION,4.3,37320,8.4,"1,000,000",Free,0,Everyone,Communication,"July 30, 2018",6.5.1,4.0.3 and up
BBM - Free Calls & Messages,COMMUNICATION,4.3,12842860,Varies with devic,"100,000,000",Free,0,Everyone,Communication,"August 2, 2018",Varies with device,4.0.3 and up
KakaoTalk: Free Calls & Text,COMMUNICATION,4.3,2546527,Varies with devic,"100,000,000",Free,0,Everyone,Communication,"August 3, 2018",Varies with device,Varies with device
Firefox Focus: The privacy browser,COMMUNICATION,4.4,36893,4,"1,000,000",Free,0,Everyone,Communication,"July 6, 2018",5.2,5.0 and up
2ndLine - Second Phone Number,COMMUNICATION,4.2,15880,32,"1,000,000",Free,0,Everyone,Communication,"August 3, 2018",5.65.0,4.0 and up
Google Allo,COMMUNICATION,4.3,346980,Varies with devic,"10,000,000",Free,0,Everyone,Communication,"January 23, 2018",Varies with device,4.1 and up
Google Chrome: Fast & Secure,COMMUNICATION,4.3,9643041,Varies with devic,"1,000,000,000",Free,0,Everyone,Communication,"August 1, 2018",Varies with device,Varies with device
Firefox Browser fast & private,COMMUNICATION,4.4,3075118,Varies with devic,"100,000,000",Free,0,Everyone,Communication,"July 10, 2018",Varies with device,Varies with device
"CM Browser - Ad Blocker , Fast Download , Privacy",COMMUNICATION,4.6,2264916,6.1,"50,000,000",Free,0,Everyone,Communication,"July 31, 2018",5.22.18.0006,4.0 and up
Puffin Web Browser,COMMUNICATION,4.3,541389,Varies with devic,"10,000,000",Free,0,Everyone,Communication,"July 9, 2018",7.5.3.20547,4.1 and up
Opera Browser: Fast and Secure,COMMUNICATION,4.4,2473693,Varies with devic,"100,000,000",Free,0,Everyone,Communication,"July 31, 2018",47.1.2249.129326,Varies with device
Ninesky Browser,COMMUNICATION,4.2,42925,2.8,"1,000,000",Free,0,Everyone,Communication,"August 27, 2017",6.1,2.3 and up
Opera Mini - fast web browser,COMMUNICATION,4.5,5150471,Varies with devic,"100,000,000",Free,0,Everyone,Communication,"July 19, 2018",Varies with device,Varies with device
"Dolphin Browser - Fast, Private & Adblock??ª",COMMUNICATION,4.5,2511130,Varies with devic,"50,000,000",Free,0,Everyone,Communication,"July 2, 2018",Varies with device,Varies with device
UC Browser Mini -Tiny Fast Private & Secure,COMMUNICATION,4.4,3648480,3.3,"100,000,000",Free,0,Teen,Communication,"July 18, 2018",11.4.0,4.0 and up
UC Browser - Fast Download Private & Secure,COMMUNICATION,4.5,17714850,40,"500,000,000",Free,0,Teen,Communication,"August 2, 2018",12.8.5.1121,4.0 and up
Ghostery Privacy Browser,COMMUNICATION,4.1,13100,2.2,"1,000,000",Free,0,Everyone,Communication,"March 20, 2018",1.4.1.0,4.0.3 and up
InBrowser - Incognito Browsing,COMMUNICATION,4.2,27156,Varies with devic,"1,000,000",Free,0,Everyone,Communication,"May 31, 2018",Varies with device,Varies with device
Web Browser for Android,COMMUNICATION,4.1,55098,4.3,"1,000,000",Free,0,Everyone,Communication,"June 20, 2018",2.2,4.0 and up
DU Browserƒ??Browse fast & fun,COMMUNICATION,4.3,1133501,4.7,"10,000,000",Free,0,Everyone,Communication,"April 1, 2016",6.4.0.4,4.0 and up
Lightning Web Browser,COMMUNICATION,4.1,12578,2.3,"500,000",Free,0,Everyone,Communication,"July 10, 2017",4.5.1,4.0 and up
Web Browser,COMMUNICATION,4.2,10965,2.3,"500,000",Free,0,Everyone,Communication,"February 2, 2015",2,3.0 and up
Puffin Browser Pro,COMMUNICATION,4,18247,Varies with devic,"100,000",Paid,3.99,Everyone,Communication,"July 5, 2018",7.5.3.20547,4.1 and up
Contacts+,COMMUNICATION,4.2,190613,11,"10,000,000",Free,0,Everyone,Communication,"July 31, 2018",5.85.1,4.0.3 and up
ExDialer - Dialer & Contacts,COMMUNICATION,4.2,125232,2.7,"10,000,000",Free,0,Everyone,Communication,"March 5, 2017",196,2.1 and up
Calls & Text by Mo+,COMMUNICATION,4.2,83239,14,"5,000,000",Free,0,Everyone,Communication,"April 19, 2018",3.0.4,4.0 and up
Viber Messenger,COMMUNICATION,4.3,11334973,Varies with devic,"500,000,000",Free,0,Everyone,Communication,"July 18, 2018",Varies with device,Varies with device
PHONE for Google Voice & GTalk,COMMUNICATION,4.3,72065,13,"1,000,000",Free,0,Everyone,Communication,"April 18, 2018",3.0.7,4.0 and up
Safest Call Blocker,COMMUNICATION,4.4,27540,3.7,"1,000,000",Free,0,Everyone,Communication,"January 5, 2018",1.26.001,4.0 and up
Full Screen Caller ID,COMMUNICATION,4.2,104990,10,"5,000,000",Free,0,Everyone,Communication,"May 15, 2018",3.5.0,4.0.3 and up
Hiya - Caller ID & Block,COMMUNICATION,4.4,177703,13,"10,000,000",Free,0,Mature 17+,Communication,"July 25, 2018",8.1.2-6310,5.0 and up
Call Blocker,COMMUNICATION,4.1,17529,10,"1,000,000",Free,0,Everyone,Communication,"July 26, 2018",5.86,4.0.3 and up
Mr. Number-Block calls & spam,COMMUNICATION,4.2,177263,13,"10,000,000",Free,0,Mature 17+,Communication,"July 13, 2018",5.1.2-6310,5.0 and up
Should I Answer?,COMMUNICATION,4.8,237468,8.8,"1,000,000",Free,0,Everyone,Communication,"July 26, 2018",2018.1.715,4.0 and up
RocketDial Dialer & Contacts,COMMUNICATION,4.4,32254,5.5,"1,000,000",Free,0,Everyone,Communication,"December 4, 2017",3.9.7,2.1 and up
"CallApp: Caller ID, Blocker & Phone Call Recorder",COMMUNICATION,4.4,483565,20,"10,000,000",Free,0,Everyone,Communication,"July 29, 2018",1.286,4.1 and up
Whoscall - Caller ID & Block,COMMUNICATION,4.4,552441,29,"10,000,000",Free,0,Everyone,Communication,"August 1, 2018",6.19.1,4.1 and up
CIA - Caller ID & Call Blocker,COMMUNICATION,4,60308,Varies with devic,"5,000,000",Free,0,Everyone,Communication,"June 22, 2018",Varies with device,Varies with device
Calls Blacklist - Call Blocker,COMMUNICATION,4.5,457283,Varies with devic,"10,000,000",Free,0,Everyone,Communication,"May 24, 2018",Varies with device,Varies with device
Call Control - Call Blocker,COMMUNICATION,4.4,93825,11,"5,000,000",Free,0,Everyone,Communication,"July 5, 2018",2.17.3,4.1 and up
True Contact - Real Caller ID,COMMUNICATION,4.1,32283,Varies with devic,"1,000,000",Free,0,Everyone,Communication,"July 26, 2018",Varies with device,Varies with device
Video Caller Id,COMMUNICATION,4.2,15287,17,"1,000,000",Free,0,Everyone,Communication,"January 24, 2018",2.2.245,4.0.3 and up
Sync.ME ƒ?? Caller ID & Block,COMMUNICATION,4.5,205739,17,"5,000,000",Free,0,Everyone,Communication,"July 26, 2018",4.5.4,4.1 and up
Burner - Free Phone Number,COMMUNICATION,4.3,14873,Varies with devic,"1,000,000",Free,0,Everyone,Communication,"July 12, 2018",Varies with device,Varies with device
"Truecaller: Caller ID, SMS spam blocking & Dialer",COMMUNICATION,4.5,7820209,Varies with devic,"100,000,000",Free,0,Everyone,Communication,"August 1, 2018",Varies with device,Varies with device
Caller ID +,COMMUNICATION,4,9498,118,"1,000,000",Free,0,Everyone,Communication,"June 7, 2016",5.28.0,2.3 and up
Gmail,COMMUNICATION,4.3,4604483,Varies with devic,"1,000,000,000",Free,0,Everyone,Communication,"August 2, 2018",Varies with device,Varies with device
Yahoo Mail ƒ?? Stay Organized,COMMUNICATION,4.3,4188142,16,"100,000,000",Free,0,Everyone,Communication,"July 18, 2018",5.29.3,4.4 and up
K-9 Mail,COMMUNICATION,4.2,88427,5.1,"5,000,000",Free,0,Everyone,Communication,"January 6, 2018",5.403,4.0.3 and up
"myMail ƒ?? Email for Hotmail, Gmail and Outlook Mail",COMMUNICATION,4.5,305218,Varies with devic,"10,000,000",Free,0,Everyone,Communication,"August 3, 2018",Varies with device,Varies with device
Email TypeApp - Mail App,COMMUNICATION,4.6,183374,44,"1,000,000",Free,0,Everyone,Communication,"August 1, 2018",1.9.4.74,4.1 and up
All Email Providers,COMMUNICATION,4.1,20901,7.3,"1,000,000",Free,0,Everyone,Communication,"April 3, 2018",5.0.9,4.1 and up
"Newton Mail - Email App for Gmail, Outlook, IMAP",COMMUNICATION,4,122595,30,"1,000,000",Free,0,Everyone,Communication,"July 19, 2018",9.8.376,5.0 and up
GO Notifier,COMMUNICATION,4.2,124346,695,"10,000,000",Free,0,Everyone,Communication,"July 6, 2014",2.8,2.0 and up
Mail.Ru - Email App,COMMUNICATION,4.6,837842,Varies with devic,"50,000,000",Free,0,Everyone,Communication,"August 3, 2018",Varies with device,Varies with device
Mail1Click - Secure Mail,COMMUNICATION,4.1,255,1.6,"10,000",Free,0,Everyone,Communication,"April 11, 2017",2.3,2.2 and up
Daum Mail - Next Mail,COMMUNICATION,4.3,41420,19,"5,000,000",Free,0,Everyone,Communication,"June 21, 2018",3.2.0,4.0 and up
mail.com mail,COMMUNICATION,4.2,44706,Varies with devic,"1,000,000",Free,0,Everyone,Communication,"July 25, 2018",Varies with device,Varies with device
SolMail - All-in-One email app,COMMUNICATION,4.3,23707,Varies with devic,"500,000",Free,0,Everyone,Communication,"August 9, 2017",2.3.17,Varies with device
Hangouts,COMMUNICATION,4,3419513,Varies with devic,"1,000,000,000",Free,0,Everyone,Communication,"July 21, 2018",Varies with device,Varies with device
imo free video calls and chat,COMMUNICATION,4.3,4785988,11,"500,000,000",Free,0,Everyone,Communication,"June 8, 2018",9.8.000000010501,4.0 and up
free video calls and chat,COMMUNICATION,4.2,594728,Varies with devic,"50,000,000",Free,0,Everyone,Communication,"July 19, 2018",7.3(800241),4.4 and up
Viber Messenger,COMMUNICATION,4.3,11335255,Varies with devic,"500,000,000",Free,0,Everyone,Communication,"July 18, 2018",Varies with device,Varies with device
Skype - free IM & video calls,COMMUNICATION,4.1,10484169,Varies with devic,"1,000,000,000",Free,0,Everyone,Communication,"August 3, 2018",Varies with device,Varies with device
WeChat,COMMUNICATION,4.2,5387446,Varies with devic,"100,000,000",Free,0,Everyone,Communication,"July 31, 2018",Varies with device,Varies with device
Vonage Mobile?? Call Video Text,COMMUNICATION,4.1,29208,23,"1,000,000",Free,0,Everyone,Communication,"September 28, 2016",2.9.8,2.3.3 and up
JusTalk - Free Video Calls and Fun Video Chat,COMMUNICATION,4.6,191032,26,"5,000,000",Free,0,Everyone,Communication,"August 4, 2018",7.2.29,4.0.3 and up
Glide - Video Chat Messenger,COMMUNICATION,4.3,350154,Varies with devic,"10,000,000",Free,0,Everyone,Communication,"July 29, 2018",Varies with device,Varies with device
Talkray - Free Calls & Texts,COMMUNICATION,4.2,244863,Varies with devic,"10,000,000",Free,0,Everyone,Communication,"May 29, 2018",Varies with device,Varies with device
LINE: Free Calls & Messages,COMMUNICATION,4.2,10790289,Varies with devic,"500,000,000",Free,0,Everyone,Communication,"July 26, 2018",Varies with device,Varies with device
KakaoTalk: Free Calls & Text,COMMUNICATION,4.3,2546527,Varies with devic,"100,000,000",Free,0,Everyone,Communication,"August 3, 2018",Varies with device,Varies with device
"Moco+ - Chat, Meet People",DATING,4.2,1545,Varies with devic,"10,000",Paid,3.99,Mature 17+,Dating,"June 19, 2018",2.6.139,4.1 and up
Calculator,DATING,2.6,57,6.2,"1,000",Paid,6.99,Everyone,Dating,"October 25, 2017",1.1.6,4.0 and up
AMBW Dating App: Asian Men Black Women Interracial,DATING,3.5,2,17,100,Paid,7.99,Mature 17+,Dating,"January 21, 2017",1.0.1,4.0 and up
Zoosk Dating App: Meet Singles,DATING,4,516801,Varies with devic,"10,000,000",Free,0,Mature 17+,Dating,"August 2, 2018",Varies with device,Varies with device
OkCupid Dating,DATING,4.1,285726,15,"10,000,000",Free,0,Mature 17+,Dating,"July 30, 2018",11.10.1,4.1 and up
Matchƒ?› Dating - Meet Singles,DATING,3.7,76646,Varies with devic,"10,000,000",Free,0,Mature 17+,Dating,"July 23, 2018",Varies with device,Varies with device
"Hily: Dating, Chat, Match, Meet & Hook up",DATING,4.1,2556,56,"100,000",Free,0,Mature 17+,Dating,"August 1, 2018",2.5.2,4.1 and up
Hinge: Dating & Relationships,DATING,4.2,7779,12,"500,000",Free,0,Mature 17+,Dating,"August 3, 2018",6.1.3,5.0 and up
Casual Dating & Adult Singles - Joyride,DATING,4.5,61637,11,"5,000,000",Free,0,Mature 17+,Dating,"July 31, 2018",4.17.2,4.1 and up
BBW Dating & Plus Size Chat,DATING,4.4,12632,29,"1,000,000",Free,0,Mature 17+,Dating,"July 27, 2018",3.5.0.1,4.1 and up
"Moco - Chat, Meet People",DATING,4.2,313724,Varies with devic,"10,000,000",Free,0,Mature 17+,Dating,"August 4, 2018",2.6.141,4.1 and up
CMB Free Dating App,DATING,4,48845,40,"1,000,000",Free,0,Mature 17+,Dating,"August 1, 2018",4.19.0.2320,4.4 and up
Hot or Not - Find someone right now,DATING,4.1,305708,Varies with devic,"10,000,000",Free,0,Mature 17+,Dating,"August 2, 2018",Varies with device,Varies with device
eharmony - Online Dating App,DATING,3.1,31320,53,"5,000,000",Free,0,Mature 17+,Dating,"July 30, 2018",6.6.5,4.1 and up
Free Dating App & Flirt Chat - Match with Singles,DATING,4.4,172460,3.1,"5,000,000",Free,0,Mature 17+,Dating,"August 4, 2018",1.639,4.0 and up
"Chispa, the Dating App for Latino, Latina Singles",DATING,4.2,4195,24,"100,000",Free,0,Mature 17+,Dating,"July 25, 2018",1.6.1,4.4 and up
Clover Dating App,DATING,4.1,11633,23,"500,000",Free,0,Mature 17+,Dating,"July 24, 2018",2.5.1,4.1 and up
Black People Meet Singles Date,DATING,3.9,10212,5,"1,000,000",Free,0,Mature 17+,Dating,"July 25, 2018",1.9.7,4.4 and up
Mingle2 - Free Online Dating & Singles Chat Rooms,DATING,4.3,37053,44,"1,000,000",Free,0,Mature 17+,Dating,"August 3, 2018",4.4B,4.1 and up
Free Dating App & Flirt Chat - Cheers,DATING,4.4,667,27,"10,000",Free,0,Mature 17+,Dating,"August 3, 2018",1.308.us,4.1 and up
stranger chat - anonymous chat,DATING,3.5,13202,6.1,"1,000,000",Free,0,Mature 17+,Dating,"July 7, 2018",2.4.1,4.1 and up
"Blendr - Chat, Flirt & Meet",DATING,4,28671,Varies with devic,"1,000,000",Free,0,Mature 17+,Dating,"August 1, 2018",Varies with device,Varies with device
Free Dating Hook Up Messenger,DATING,3.3,1157,21,"100,000",Free,0,Mature 17+,Dating,"January 27, 2017",5.0.1,4.2 and up
Find Real Love ƒ?? YouLove Premium Dating,DATING,4.5,212626,11,"10,000,000",Free,0,Mature 17+,Dating,"July 31, 2018",4.17.2,4.1 and up
Once - Quality Matches Every day,DATING,4.4,222888,21,"1,000,000",Free,0,Mature 17+,Dating,"July 17, 2018",2.45,4.1 and up
BLK - Swipe. Match. Chat.,DATING,4.1,2067,24,"100,000",Free,0,Mature 17+,Dating,"July 25, 2018",1.6.1,4.4 and up
Cougar Dating Life : Date Older Women Sugar Mummy,DATING,3.9,1643,31,"500,000",Free,0,Mature 17+,Dating,"July 3, 2018",4.5.5,4.1 and up
Howlr,DATING,3.9,105,27,"5,000",Free,0,Mature 17+,Dating,"June 19, 2018",1.0.4,4.4 and up
Stranger Chat & Date,DATING,3.6,3414,6.2,"500,000",Free,0,Mature 17+,Dating,"June 6, 2018",1.2.1,4.1 and up
Free Dating & Flirt Chat - Choice of Love,DATING,4,42194,Varies with devic,"5,000,000",Free,0,Mature 17+,Dating,"July 24, 2018",Varies with device,Varies with device
RandoChat - Chat roulette,DATING,3.6,11806,12,"1,000,000",Free,0,Mature 17+,Dating,"June 26, 2018",4.0.18,4.0.3 and up
BeWild Free Dating & Chat App,DATING,3.4,1999,8,"100,000",Free,0,Mature 17+,Dating,"February 3, 2017",1.6.5,4.2 and up
"FastMeet: Chat, Dating, Love",DATING,4.2,22544,5.9,"1,000,000",Free,0,Mature 17+,Dating,"July 27, 2018",1.31.4,4.0.3 and up
"Free Dating App - YoCutie - Flirt, Chat & Meet",DATING,4.1,97684,7.9,"1,000,000",Free,0,Mature 17+,Dating,"July 10, 2018",1.23,4.0.3 and up
OurTime Dating for Singles 50+,DATING,3.4,2519,5,"100,000",Free,0,Mature 17+,Dating,"July 25, 2018",1.9.7,4.4 and up
FarmersOnly Dating,DATING,3,1146,1.4,"100,000",Free,0,Mature 17+,Dating,"February 25, 2016",2.2,4.0 and up
Dating for 50 plus Mature Singles ƒ?? FINALLY,DATING,4.6,13046,13,"500,000",Free,0,Mature 17+,Dating,"July 31, 2018",4.17.2,4.1 and up
Sudy ƒ?? Meet Elite & Rich Single,DATING,4.1,17268,40,"500,000",Free,0,Mature 17+,Dating,"June 25, 2018",4.1.2,4.0.3 and up
Christian Dating For Free App,DATING,3.9,8722,13,"500,000",Free,0,Mature 17+,Dating,"June 20, 2018",15.8,4.1 and up
Just She - Top Lesbian Dating,DATING,1.9,953,19,"100,000",Free,0,Mature 17+,Dating,"July 18, 2018",6.3.7,5.0 and up
Single Parent Meet #1 Dating,DATING,3.5,2593,5,"500,000",Free,0,Mature 17+,Dating,"July 25, 2018",1.9.7,4.4 and up
EliteSingles ƒ?? Dating for Single Professionals,DATING,2.5,5377,19,"500,000",Free,0,Mature 17+,Dating,"July 31, 2018",4.8.5,4.0.3 and up
Millionaire Match: Rich Singles Dating App,DATING,3.9,852,27,"100,000",Free,0,Mature 17+,Dating,"July 30, 2018",6.4.6,4.1 and up
InterracialCupid - Interracial Dating App,DATING,3.4,212,3,"50,000",Free,0,Mature 17+,Dating,"June 13, 2018",2.3.0.1781,5.0 and up
Sugar Mommas Dating And Single Search,DATING,3.5,1972,13,"1,000,000",Free,0,Mature 17+,Dating,"May 12, 2018",4.3,4.1 and up
"Hide App, Private Dating, Safe Chat - PrivacyHider",DATING,4.4,35206,7.2,"1,000,000",Free,0,Everyone,Dating,"May 21, 2018",2.9.6,4.0 and up
"muzmatch: Muslim & Arab Singles, Marriage & Dating",DATING,3.8,5164,25,"100,000",Free,0,Mature 17+,Dating,"July 24, 2018",3.8.75a,4.0.3 and up
